"discount","total_return","total_sales"
"0","2422","543015.8300000003"
"0.4","130","70945.49"
"0.2","1864","359541.3999999995"
"0.32","9","4346.76"
"0.6","77","3782.8199999999993"
"0.1","44","22532.21999999999"
"0.15","26","18368.969999999994"
"0.7","218","20776.920000000016"
"0.5","40","37332.08"
"0.3","113","48767.26"
"0.8","159","14113.369999999995"
"0.45","8","4946.55"
