"region","avg_shipping_days"
"Central","4.0765437392795883"
"East","3.9133073711539136"
"South","3.9687887813353189"
"West","3.9108776266996292"
