"total_sales","total_profit","segment"
"11648329.880000511","1349496.0299999728","Consumer"
"7152744.470000191","943417.1699999871","Corporate"
"4358732.299999963","587956.2299999949","Home Office"
"36.48","18.24","Segment"
