"product_id","total_sales"
"TEC-CO-10004722","547398.4899999998"
"TEC-MA-10002412","316938.72000000003"
"TEC-MA-10001127","280873.48999999993"
"OFF-BI-10003527","276821.60000000015"
"OFF-BI-10000545","231794.5"
"FUR-CH-10002024","218355.21000000008"
"OFF-BI-10001359","205590.0899999999"
"OFF-BI-10004995","191627.40000000005"
"TEC-CO-10001449","191156.7700000001"
"OFF-BI-10001120","187109.05000000005"
